Survey Title,`client ID`,Client Name,Employee ID,Employee FirstName,Employee LastName,Employee Title,Employee Type,Employee Org,Employee Div,Employee Dept,Employee HireDate,Employee ResignDate,Employee ExitDate,Employee Gender,Employee DOB,Survey ID,Survey StartTime,Survey EndTime,Completed Online,Completed Admin,Question 1 - This is question one,Question 2 - Question 2,Question 3 - Question 3,Question 4 - somethis 4,Question 5 - Question 5,Question 6 - Question 6 for testing,Question 7 - Question 7 extra question,Question 8 - This is a textbox question
This is another super simple survey,5c53240d451bbb087b4cd615,Sk Pavel,5cb4cb4f3506a9035b40281e,Ashik,Mahmud,CEO,Employee,National Aeronautics2,Space Research,,10/01/2017,09/04/2019,29/04/2019,Male,20/11/1995,5c34aee6c22bda0235883479,16/04/2019,16/04/2019,No,Yes,Strongly Agree,Yes,label 1,"1st choice Meaningful Work
2nd choice Learning & Development
",Neutral,Neutral,Neutral,
This is another super simple survey,5c53240d451bbb087b4cd615,Sk Pavel,5cb78dba9f09f80f180f55c1,ashik,mahmud,Graphic Designer,Employee,National Aeronautics2,,,01/01/2013,02/04/2019,17/04/2019,Male,01/01/2009,5c34aee6c22bda0235883479,18/04/2019,18/04/2019,No,Yes,Strongly Agree,Yes,label 1,"1st choice Effective Leadership
2nd choice Effective Leadership
",Strongly Agree,Neutral,Neutral,hello
This is another super simple survey,5c53240d451bbb087b4cd615,Sk Pavel,5cb7917450223b0f3b1b7a1c,Mir,Nasif,Graphic Designer,Employee,National Aeronautics2,Space Research,Pharmacy,10/04/2019,17/04/2019,23/04/2019,Male,15/04/2019,5c34aee6c22bda0235883479,18/04/2019,18/04/2019,No,Yes,Strongly Agree,Yes,label2,"1st choice Career Opportunities
2nd choice Communication
",Neutral,Disagree,Neutral, 
